,0,1,2,3
0,북한산 만경대,https://www.instagram.com/p/ChdmQFyPhU1/,2307,0
1,전라북도 전주,https://www.instagram.com/p/ChdgBurvooK/,1051,0
2,인천,https://www.instagram.com/p/Chb0ySgpnsK/,507,0
3,진도,https://www.instagram.com/p/Che2ut-JBXu/,36,0
4,냐짱,https://www.instagram.com/p/ChfDROOvWWe/,20,0
5,웨스틴 조선 부산 The Westin Josun Busan,https://www.instagram.com/p/ChfDSC-vbjf/,10,0
6,몽골,https://www.instagram.com/p/ChfDOTDPh2K/,0,0
7,라스베이거스,https://www.instagram.com/p/ChfDLQWrsaZ/,3,0
8,Bangkok Thailand,https://www.instagram.com/p/ChfDMK0Btmv/,9,0
9,속초,https://www.instagram.com/p/ChfDGyxvB82/,19,0
10,가평,https://www.instagram.com/p/ChfDCjyvaU-/,0,0
11,Batam Island,https://www.instagram.com/p/ChfDGDNrmzM/,14,0
12,"Saipan, Mariana Islands, USA",https://www.instagram.com/p/ChfDJt9hNvg/,0,0
13,지리산천왕봉펜션&연수원,https://www.instagram.com/p/ChfDNPovshs/,3,0
14,"Incheon, South Korea",https://www.instagram.com/p/ChfDJyAPub1/,4,0
15,수성못 (Suseong Lake),https://www.instagram.com/p/ChfC63kPyxo/,13,0
16,ラフォンテ,https://www.instagram.com/p/ChfB9GzBKHA/,38,0
17,제주도 제주,https://www.instagram.com/p/Che_9H9pcEn/,28,0
18,바실라카페,https://www.instagram.com/p/Che9koqvBOF/,66,0
19,Vivanta Kathmandu,https://www.instagram.com/p/CheutXaht0N/,57,0
20,Ｍｉｓｓ ｕ,https://www.instagram.com/p/ChdpntEJJtX/,151,0
21,N’s Yard,https://www.instagram.com/p/ChfDBtQBaHT/,0,0
22,경상남도 남해,https://www.instagram.com/p/ChfDCw4PZdc/,10,0
23,백스트리트피자,https://www.instagram.com/p/ChfC9AMh5wA/,0,0
24,"Incheon, South Korea",https://www.instagram.com/p/ChfCxouPo6l/,5,0
25,N’s Yard,https://www.instagram.com/p/ChfC2EWB11r/,2,0
26,한라봉스시,https://www.instagram.com/p/ChfC_GbB5py/,15,0
27,부산,https://www.instagram.com/p/ChfCvwtvxEY/,4,0
28,Marina Bay Sands,https://www.instagram.com/p/ChfCicTPLpO/,10,0
29,Calton Hill,https://www.instagram.com/p/ChfCnm6vRNd/,3,0
30,경주,https://www.instagram.com/p/ChfCfCihaxZ/,35,0
31,중문색달해변,https://www.instagram.com/p/ChfAsv8PlhO/,48,0
32,호이안,https://www.instagram.com/p/Che8uHaJDHR/,138,0
33,강남 어딘가,https://www.instagram.com/p/CheCEzwL5fY/,139,0
34,"Broadbeach, Queensland, Australia",https://www.instagram.com/p/Chb_UEXvCki/,66,0
35,Rambuttri Village Hotel and Plaza,https://www.instagram.com/p/CgDwqz3rX0Z/,386,0
36,용눈이오름,https://www.instagram.com/p/Cf2yCH7FTGG/,465,0
37,GOOD NEWS.,https://www.instagram.com/p/ChfCkYnBZUY/,6,0
38,곤지암리조트,https://www.instagram.com/p/ChfCkkbvwSt/,18,0
39,새벽의 사천진해수욕장,https://www.instagram.com/p/ChfClCVPYy9/,0,0
40,카를로비바리,https://www.instagram.com/p/ChfCoHGj47k/,13,0
41,환상의나라 에버랜드,https://www.instagram.com/p/ChfClU7ho9s/,0,0
42,단양,https://www.instagram.com/p/ChfCm4ppLN2/,0,0
43,The Broad,https://www.instagram.com/p/ChfCZ3UL4KG/,30,0
44,마카오,https://www.instagram.com/p/ChfCb3mvb4L/,2,0
45,"마이크로비치,saipan",https://www.instagram.com/p/ChfCbGHhzdQ/,2,0
46,"Daegu, South Korea",https://www.instagram.com/p/ChfCe0qvirX/,11,0
47,소노 펠리체 빌리지 델피노,https://www.instagram.com/p/ChfCbathBTY/,3,0
48,전주한옥마을,https://www.instagram.com/p/ChfCgVYh8Xc/,2,0
49,Jebudo-Island 제부도,https://www.instagram.com/p/ChfCC8NPf12/,16,0
50,대관령양떼목장,https://www.instagram.com/p/ChfCJUFvF7T/,23,0
51,Glendale Americana,https://www.instagram.com/p/ChfCH-SrQlx/,15,0
52,Cité radieuse de Marseille,https://www.instagram.com/p/Cheo9zjAVIF/,0,0
53,"Bondi beach, Sydney, Australia.",https://www.instagram.com/p/Chdoz_uhKP_/,210,0
54,곤륜산,https://www.instagram.com/p/ChfCSZsPsIl/,21,0
55,삼학집,https://www.instagram.com/p/ChfCS4Pvmnj/,2,0
56,공드리_jeju,https://www.instagram.com/p/ChfCI8fPt-A/,15,0
57,서울,https://www.instagram.com/p/ChfCCg4v2uW/,0,0
58,리솜 포레스트 Resom Forest,https://www.instagram.com/p/ChfCKVfv86X/,54,0
59,하효쇠소깍해변,https://www.instagram.com/p/ChfCOY_M3dW/,6,0
60,The PONT,https://www.instagram.com/p/ChfB1HyJpZ_/,0,0
61,석모도,https://www.instagram.com/p/ChfCBLUh9XP/,5,0
62,광안리,https://www.instagram.com/p/ChfBlX5pjY1/,19,0
63,사계바다,https://www.instagram.com/p/ChfBupWBEhG/,19,0
64,서귀포 법환포구,https://www.instagram.com/p/ChfBYW2hFce/,19,0
65,Siloso Beach Sentosa,https://www.instagram.com/p/ChfA_GfF73d/,4,0
66,전라남도 목포,https://www.instagram.com/p/Che4QjMhcTo/,0,0
67,흰여울문화마을,https://www.instagram.com/p/Cheu5mahXbE/,87,0
68,Blue Boat House,https://www.instagram.com/p/ChesARjvRNa/,47,0
69,DIOR,https://www.instagram.com/p/Chem2xDhTtN/,0,0
70,Aqua Planet Ilsan,https://www.instagram.com/p/CfWlHwHFzdf/,0,0
71,물의정원,https://www.instagram.com/p/ChfB01GhN82/,7,0
72,소노 펠리체 빌리지 델피노,https://www.instagram.com/p/ChfBz1Sv1k6/,0,0
73,여의도,https://www.instagram.com/p/ChfB0klvVto/,4,0
74,서울,https://www.instagram.com/p/ChfB2SMvVH0/,30,0
75,경상남도 남해,https://www.instagram.com/p/ChfB4imhzN6/,37,0
76,단양,https://www.instagram.com/p/ChfBl_OJvsR/,0,0
77,"마이크로비치,saipan",https://www.instagram.com/p/ChfBqu8BJEZ/,8,0
78,스위스마을 에델바이스,https://www.instagram.com/p/ChfBqXTBZ46/,6,0
79,Original Starbucks,https://www.instagram.com/p/ChfBlJQv174/,7,0
80,경주세계자동차박물관,https://www.instagram.com/p/ChfBsLev-jr/,0,0
81,거제도,https://www.instagram.com/p/ChfBwysvnj4/,9,0
82,"Jeju Island, Korea",https://www.instagram.com/p/ChfBmWSh73-/,17,0
83,남이섬 - Nami Island,https://www.instagram.com/p/ChfBdrLvnVs/,28,0
84,Jeju-do,https://www.instagram.com/p/ChfBPsaBlXr/,3,0
85,해운대,https://www.instagram.com/p/ChfAvvQP6jR/,26,0
86,OldTown White Coffee,https://www.instagram.com/p/ChXiZryvRMJ/,0,0
87,포항,https://www.instagram.com/p/ChfBlF9PIOs/,15,0
88,서울,https://www.instagram.com/p/ChfBZBevj4R/,27,0
89,해오름전망대,https://www.instagram.com/p/ChfBZLNPj6V/,16,0
90,무신사 테라스,https://www.instagram.com/p/ChfBVHKpCse/,0,0
91,전포동,https://www.instagram.com/p/ChfBez-rvCm/,11,0
92,로스앤젤레스,https://www.instagram.com/p/ChfBJvZJiSW/,4,0
93,강원도 강릉,https://www.instagram.com/p/ChfA9FeJoLQ/,0,0
94,충남 태안군 안면도,https://www.instagram.com/p/ChfA61LhKJt/,14,0
95,Chamonix-Mont-Blanc,https://www.instagram.com/p/ChfAwlFhUe6/,0,0
96,제주,https://www.instagram.com/p/ChfAJCZPo1w/,27,0
97,제주도,https://www.instagram.com/p/Che1ROlPjtj/,49,0
98,장항송림산림욕장,https://www.instagram.com/p/CheiLmSh8WJ/,0,0
99,Sofitel Ambassador Seoul Hotel & Serviced Residences,https://www.instagram.com/p/ChZWfUbLgds/,153,0
100,코타키나발루,https://www.instagram.com/p/ChXiPdhvAaw/,0,0
101,OldTown White Coffee,https://www.instagram.com/p/ChXh2MEvUtf/,0,0
102,수변공원,https://www.instagram.com/p/ChXA1m3v6LQ/,0,0
103,세종국립수목원,https://www.instagram.com/p/ChfBFGMP46F/,4,0
104,경상남도 남해,https://www.instagram.com/p/ChfBPJjPXQV/,13,0
105,서울,https://www.instagram.com/p/ChfBFXaBLMi/,16,0
106,Sơn Trà Marina,https://www.instagram.com/p/ChfBHuOhC-q/,0,0
107,Napaling Dive Point,https://www.instagram.com/p/ChfBQaZvH-v/,26,0
108,대관령양떼목장,https://www.instagram.com/p/ChfBDXuvQ80/,27,0
109,Sutera Harbour Resort,https://www.instagram.com/p/CheT83LvdFG/,354,0
110,코타키나발루,https://www.instagram.com/p/Chb0HJ8vZzt/,469,0
111,"New York City, N.Y.",https://www.instagram.com/p/ChfAvBQpGJh/,59,0
112,경상북도 경주,https://www.instagram.com/p/Che_8-AP7iK/,0,0
113,영흥도,https://www.instagram.com/p/Che-2P-Bedz/,35,0
114,충주호,https://www.instagram.com/p/Che9r3ZrRJO/,0,0
115,제주도 제주,https://www.instagram.com/p/Che3QfklQem/,40,0
116,인천어린이박물관,https://www.instagram.com/p/Che1LRRJemW/,2,0
117,경주,https://www.instagram.com/p/Chew_oXPcRy/,0,0
118,세인트존스호텔,https://www.instagram.com/p/Chew8SjpLXh/,78,0
119,퍼스 (웨스턴오스트레일리아 주),https://www.instagram.com/p/ChevVmovMck/,50,0
120,전라남도 담양,https://www.instagram.com/p/CheoNCHPnuV/,39,0
121,지리산 오도재,https://www.instagram.com/p/Chej695vpXe/,240,0
122,은평한옥마을,https://www.instagram.com/p/ChejIQ9Jpft/,3,0
123,부산,https://www.instagram.com/p/Cheg6fiuLhA/,18,0
124,액티브파크제주,https://www.instagram.com/p/ChegVUYLjmp/,21,0
125,네스트호텔,https://www.instagram.com/p/ChefDqkPB8N/,68,0
126,カップヌードルミュージアム 横浜 -Cupnoodles Museum Yokohama,https://www.instagram.com/p/Chee-irPSTC/,0,0
127,경기도 수원,https://www.instagram.com/p/Cheah9rJ3iX/,0,0
128,경기도 수원,https://www.instagram.com/p/CheaEUap3En/,0,0
129,경주,https://www.instagram.com/p/CheYnpXJcoK/,0,0
130,내린천휴게소,https://www.instagram.com/p/CheYFakrUuE/,63,0
131,Korea - 한국,https://www.instagram.com/p/CheX6qrvqgo/,49,0
132,경기도 수원,https://www.instagram.com/p/CheX3Dvpvr1/,0,0
133,경기도 수원,https://www.instagram.com/p/CheXroPJeEe/,0,0
134,스누피가든,https://www.instagram.com/p/CheT5S1vt5Z/,42,0
135,군산 게스트하우스 화담여관,https://www.instagram.com/p/CheO_ozv-n-/,0,0
136,1938 Slow,https://www.instagram.com/p/CheOFlTp9_e/,79,0
137,강원도 강릉,https://www.instagram.com/p/CheMnZzJY_n/,78,0
138,강원도 강릉,https://www.instagram.com/p/CheMQDxpqhT/,43,0
139,초원사진관,https://www.instagram.com/p/ChYsbNTP12G/,0,0
140,마리서사,https://www.instagram.com/p/ChWeAnePlqI/,0,0
141,졸리엣 (일리노이 주),https://www.instagram.com/p/CheJ04jgXUv/,12,0
142,유수암마을,https://www.instagram.com/p/CheJO-yr12b/,0,0
143,동해 용화해변,https://www.instagram.com/p/CheJYP0B6ZU/,0,0
144,신두리해안사구,https://www.instagram.com/p/CheHajbBfZA/,80,0
145,"Ulsan, South Korea",https://www.instagram.com/p/CheG6GSB0Qk/,3,0
146,울릉도,https://www.instagram.com/p/CheFgPoLXQw/,50,0
147,경기도 수원,https://www.instagram.com/p/CheCTUuhDNf/,0,0
148,골든트리,https://www.instagram.com/p/CheBo7hJTpy/,47,0
149,경기도 수원,https://www.instagram.com/p/CheBGqkhF8L/,0,0
150,경기도 수원,https://www.instagram.com/p/Chd_ZZihcCu/,0,0
151,"Bohol, Philippines",https://www.instagram.com/p/Chd7nDwLAJA/,59,0
152,전주 비빔밥 한국집,https://www.instagram.com/p/CILKBtnM_m5/,4,0
153,"Bohol, Philippines",https://www.instagram.com/p/Chd5_Z4LlLf/,68,0
154,디앤디파트먼트 제주,https://www.instagram.com/p/ChdziC5PLBD/,991,0
155,영도 해녀촌,https://www.instagram.com/p/ChdwAGBBDDk/,14,0
156,제주도서귀포시,https://www.instagram.com/p/Chdupv6vCD_/,0,0
157,내린천휴게소,https://www.instagram.com/p/ChdtLPjhGse/,61,0
158,Hoiana Resort & Golf,https://www.instagram.com/p/Chdqf9dvkRb/,73,0
159,죽녹원,https://www.instagram.com/p/Chdn_TNPeRv/,651,0
160,강원도 평창 흥정계곡,https://www.instagram.com/p/ChdXA_KuPuI/,34,0
161,강원도 평창 흥정계곡,https://www.instagram.com/p/ChdXCfluLi9/,0,0
162,Cam Lâm,https://www.instagram.com/p/Chcf-1DPFGk/,65,0
163,아부오름,https://www.instagram.com/p/Chcb3bKvSar/,0,0
164,휴휴암,https://www.instagram.com/p/ChcZUD2FYxR/,20,0
165,광명동굴,https://www.instagram.com/p/ChcYNiBJUXl/,103,0
166,아산시,https://www.instagram.com/p/ChcWD-WLTFq/,0,0
167,대구,https://www.instagram.com/p/ChcTsmoJn7L/,0,0
168,Tichuca Rooftop Bar,https://www.instagram.com/p/ChcScj-Pxuh/,172,0
169,달랏,https://www.instagram.com/p/ChcNsBuvron/,50,0
170,"광안리해수욕장 GwangalliBeach, Busan, Korea 廣安里海水浴場",https://www.instagram.com/p/ChcNZMMh5Qm/,391,0
171,There's,https://www.instagram.com/p/ChcNGUPhl2M/,159,0
172,달랏,https://www.instagram.com/p/ChcMnz1vodB/,47,0
173,우오즈 시,https://www.instagram.com/p/ChcLyNGJRuG/,17,0
174,강원도 삼척 장호항,https://www.instagram.com/p/ChcLgqxvjxH/,27,0
175,광주광역시,https://www.instagram.com/p/ChcLb7BP3zh/,0,0
176,동궁과 월지 - 구 안압지,https://www.instagram.com/p/ChcJKpQhOsb/,198,0
177,경상북도 안동,https://www.instagram.com/p/ChcHsvBhJ9d/,58,0
178,"Jeju Island, Korea",https://www.instagram.com/p/ChcHTJ5LV5L/,62,0
179,무술목,https://www.instagram.com/p/ChcF9bhJyHR/,152,0
180,제주국제공항,https://www.instagram.com/p/ChcFUfEJA7m/,0,0
181,루치아의 뜰,https://www.instagram.com/p/ChcEDRzrsfe/,0,0
182,신세계백화점 센텀시티점,https://www.instagram.com/p/ChcClAsrLM6/,7,0
183,포천 산정호수,https://www.instagram.com/p/ChcB_wGveWV/,2,0
184,남포동,https://www.instagram.com/p/ChcBYhMvCFk/,0,0
185,에코랜드호텔,https://www.instagram.com/p/Chb-mv_PfMG/,46,0
186,경주풍력발전소,https://www.instagram.com/p/Chb-GY-Or4M/,0,0
187,"여의도한강시민공원 Yeouido Hangang Park, Seoul Korea",https://www.instagram.com/p/Chb9-NTvLP-/,46,0
188,해운대 해수욕장,https://www.instagram.com/p/Chb7Disv-od/,187,0
189,마이페이보릿,https://www.instagram.com/p/Chbz9-Bv9rz/,0,0
190,향미사 香味師,https://www.instagram.com/p/ChbxjmYvyAG/,147,0
191,봉평전통시장,https://www.instagram.com/p/ChbuODWL7BV/,57,0
192,스위스마을 에델바이스,https://www.instagram.com/p/CheyakGhYc8/,213,0
193,Hongdo,https://www.instagram.com/p/ChcftUBPi9E/,622,0
194,감천문화마을,https://www.instagram.com/p/ChenJmCPR1c/,8046,0
195,곤륜산,https://www.instagram.com/p/ChbNs41vmjr/,669,0
196,서산목장,https://www.instagram.com/p/ChcAjbNPHoI/,1210,0
197,전라북도 전주,https://www.instagram.com/p/ChdgBurvooK/,1105,0
198,"Guam, USA",https://www.instagram.com/p/ChfMIHgvI6x/,0,0
199,왕거미식당,https://www.instagram.com/p/ChfL-_dB-cD/,8,0
200,"Guam, USA",https://www.instagram.com/p/ChfL-UuPuwS/,0,0
201,岐阜大仏・正法寺,https://www.instagram.com/p/ChfMBkGv0Qm/,3,0
202,플레이스캠프제주,https://www.instagram.com/p/ChfLmp5pjjo/,4,0
203,"광안리해수욕장 GwangalliBeach, Busan, Korea 廣安里海水浴場",https://www.instagram.com/p/ChfLWpEpzBH/,37,0
204,오대산국립공원 소금강,https://www.instagram.com/p/ChfLK9cPG-P/,4,0
205,통영 비진도,https://www.instagram.com/p/ChfKuKmPlkk/,0,0
206,남해 어딘가,https://www.instagram.com/p/ChfKdcUviD5/,0,0
207,Jeju Island,https://www.instagram.com/p/Chey4wer0tv/,18,0
208,몰디브,https://www.instagram.com/p/CheW0MxP5S1/,520,0
209,Beachin' Shrimp,https://www.instagram.com/p/CheMuoPrxmY/,74,0
210,수로왕릉,https://www.instagram.com/p/CheDMFaB-nK/,0,0
211,"괌, Guam",https://www.instagram.com/p/ChcIGYorJR7/,100,0
212,Ban Thai Guam,https://www.instagram.com/p/ChZSDmmLUnm/,182,0
213,"Guam, USA",https://www.instagram.com/p/ChXETppL4sw/,213,0
214,"Guam, USA",https://www.instagram.com/p/ChfKvIWvP-2/,0,0
215,"Le Bain at The Standard, High Line",https://www.instagram.com/p/ChfKYuBL28c/,18,0
216,경상남도 남해,https://www.instagram.com/p/ChfKZ5DvbYu/,3,0
217,브레이크 브릭,https://www.instagram.com/p/ChfJpyEvOOl/,0,0
218,울진 성류굴,https://www.instagram.com/p/ChfJoGwrvw7/,14,0
219,부산 기장,https://www.instagram.com/p/ChfJ1i_Bby8/,4,0
220,동탄호수공원,https://www.instagram.com/p/ChfJl9tPruJ/,18,0
221,Daecheon Beach,https://www.instagram.com/p/ChfJHjMJ_ET/,10,0
222,부산 북구 덕천동,https://www.instagram.com/p/ChfJTwkv8mz/,12,0
223,Asan Beach Park,https://www.instagram.com/p/ChfI9GqJJJT/,27,0
224,대전어딘가,https://www.instagram.com/p/ChfI2V4PueB/,0,0
225,소래습지 생태공원,https://www.instagram.com/p/ChfIvUFPvwO/,9,0
226,The Ritz London,https://www.instagram.com/p/ChfIbHgpDmd/,0,0
227,시드니,https://www.instagram.com/p/ChfISP1P-I-/,0,0
228,제주,https://www.instagram.com/p/ChfIJcSPDXd/,16,0
229,합천영상테마파크,https://www.instagram.com/p/Che3MlPPlP6/,0,0
230,하늘을 나는 비행기안,https://www.instagram.com/p/ChfH6_9sn4e/,14,0
231,카페치즈태비,https://www.instagram.com/p/ChfH_UePUxc/,21,0
232,부산 기장,https://www.instagram.com/p/ChfIIawh-lg/,8,0
233,환상의 섬 Jeju Island,https://www.instagram.com/p/ChfHw9HPQDd/,45,0
234,속초해변,https://www.instagram.com/p/ChfHsBbPyt5/,6,0
235,"Tumon Bay, Guam, United States",https://www.instagram.com/p/ChfHm5dPyAb/,0,0
236,München Germany,https://www.instagram.com/p/ChfHjlCPaWo/,11,0
237,디뮤지엄 성수,https://www.instagram.com/p/ChfHnQuhUHo/,0,0
238,외도동,https://www.instagram.com/p/ChfHQTshM0Z/,0,0
239,부산 기장,https://www.instagram.com/p/ChfHQqkBR_6/,7,0
240,상암동 매봉산,https://www.instagram.com/p/ChfHGHqvsaS/,14,0
241,콜체스카페,https://www.instagram.com/p/ChfG8ALJ5rg/,30,0
242,니스,https://www.instagram.com/p/ChfG2jQovUZ/,0,0
243,Boracay Island,https://www.instagram.com/p/ChfGcoIP4AV/,0,0
244,배곧수변공원,https://www.instagram.com/p/ChfGq2_POyz/,8,0
245,하이델베르크,https://www.instagram.com/p/ChfGhVsvZdM/,35,0
246,충청남도 천안,https://www.instagram.com/p/ChfGgRshHbv/,34,0
247,강화도,https://www.instagram.com/p/ChfGmSppoz3/,20,0
248,전주 덕진공원,https://www.instagram.com/p/Che9l0qh4pK/,0,0
249,강원도 강촌,https://www.instagram.com/p/CherTdiB2KB/,117,0
250,에이바우트 스타디움,https://www.instagram.com/p/ChfGZXMva6p/,12,0
251,"송정해수욕장 Songjeong Beach, Busan, Korea",https://www.instagram.com/p/ChfGIi9hP2A/,7,0
252,"La Isla, Asturias, Spain",https://www.instagram.com/p/ChfGBIAK3bV/,14,0
253,"Cassis, France",https://www.instagram.com/p/ChfGCm4owHd/,5,0
254,남해 다랭이마을,https://www.instagram.com/p/ChfFpyYPMnI/,8,0
255,제주도 본태박물관,https://www.instagram.com/p/ChfFZ9Jhn0R/,23,0
256,사계 해변,https://www.instagram.com/p/ChfEpfphhk1/,146,0
257,맨해튼,https://www.instagram.com/p/ChPRLG5BnuM/,112,0
258,"New York, New York",https://www.instagram.com/p/ChMacPXBojf/,102,0
259,경기전,https://www.instagram.com/p/Cg3qxIBPqvU/,0,0
260,北海道,https://www.instagram.com/p/Cbt4TNQLEO3/,0,0
261,2022,https://www.instagram.com/p/CYMRJLoli3u/,0,0
262,利尻島,https://www.instagram.com/p/CUkH9T9lHAO/,0,0
263,Snow World,https://www.instagram.com/p/CL4EIwXnNzT/,0,0
264,ニセコ,https://www.instagram.com/p/CHB4beDn-jM/,0,0
265,일본,https://www.instagram.com/p/CFPY_vynYKJ/,0,0
266,베케,https://www.instagram.com/p/ChfFCyOvrjI/,28,0
267,몬트리올,https://www.instagram.com/p/ChfFCv9B5XS/,50,0
268,"Newyork, Newyork",https://www.instagram.com/p/ChfE3z-OXcR/,103,0
269,"Gangwon-do, South Korea",https://www.instagram.com/p/ChfE8PvpipG/,9,0
270,The Shoppes at Marina Bay Sands,https://www.instagram.com/p/ChfEuxgLT1s/,23,0
271,제주도 제주,https://www.instagram.com/p/ChfEeeDvNBr/,0,0
272,카페 노티드 제주 애월 - Cafe Knotted Jeju Aewol,https://www.instagram.com/p/ChfESEJr3xz/,0,0
273,용봉정 - 흑석동 한강 조망명소,https://www.instagram.com/p/ChfD96kvizH/,49,0
274,제주도 제주,https://www.instagram.com/p/Che_cb6Pesw/,0,0
275,부산,https://www.instagram.com/p/Che-pexJEml/,21,0
276,항파두리 항몽유적지,https://www.instagram.com/p/ChcNyiNv86N/,63,0
277,"Seogwipo, Jeju Island, South Korea",https://www.instagram.com/p/ChcNhHqvJ3O/,50,0
278,제주한옥호텔 한라궁 - Hallagung,https://www.instagram.com/p/ChcNcMOvK5t/,56,0
279,선흘리,https://www.instagram.com/p/Cg_wUryviF0/,125,0
280,푸른섬 제주도,https://www.instagram.com/p/Cg_va0FvnaB/,110,0
281,Grand Canyon National Park,https://www.instagram.com/p/ChfD2aTrxg0/,59,0
282,운율,https://www.instagram.com/p/ChfD2xYPwnr/,0,0
283,제주도 제주,https://www.instagram.com/p/ChfDq0CvDyX/,54,0
284,베케,https://www.instagram.com/p/ChfDoMFPIUz/,50,0
285,"Gangwon-do, South Korea",https://www.instagram.com/p/ChfDp-8pSHA/,15,0
286,"광안리해수욕장 GwangalliBeach, Busan, Korea 廣安里海水浴場",https://www.instagram.com/p/ChfDl3dp8RD/,144,0
287,강원도 속초,https://www.instagram.com/p/ChfDq2oBadc/,5,0
288,쿠스코,https://www.instagram.com/p/ChfDJ_7PzRU/,0,0
289,경상남도 남해,https://www.instagram.com/p/ChfDCw4PZdc/,15,0
290,"Gangwon-do, South Korea",https://www.instagram.com/p/ChfDJWBJVx0/,10,0
291,White Bada Guesthouse,https://www.instagram.com/p/ChfC0ysJNWz/,53,0
292,보라카이 섬,https://www.instagram.com/p/ChfC8A7v48_/,16,0
293,Calton Hill,https://www.instagram.com/p/ChfCnm6vRNd/,6,0
294,제주도 제주,https://www.instagram.com/p/ChfBQyTJz0J/,134,0
295,Sunset Cliff - 썬셋 클리프,https://www.instagram.com/p/Che_X33hyAK/,169,0
296,"Gwangju, South Korea",https://www.instagram.com/p/ChcRyfmhc3f/,127,0
297,"Broadbeach, Queensland, Australia",https://www.instagram.com/p/Chb_UEXvCki/,66,0
298,Griffith Observatory,https://www.instagram.com/p/ChfCiGevjOu/,35,0
299,환상의나라 에버랜드,https://www.instagram.com/p/ChfClU7ho9s/,0,0
300,단양,https://www.instagram.com/p/ChfCm4ppLN2/,0,0
301,마카오,https://www.instagram.com/p/ChfCb3mvb4L/,4,0
302,곤륜산,https://www.instagram.com/p/ChfCSZsPsIl/,41,0
303,대부도비치펜션,https://www.instagram.com/p/ChfCVsdPtW1/,19,0
304,"Gangwon-do, South Korea",https://www.instagram.com/p/ChfCVsjpNRW/,8,0
305,"Gangwon-do, South Korea",https://www.instagram.com/p/ChfCPlvJSic/,13,0
306,"Gangwon-do, South Korea",https://www.instagram.com/p/ChfCHMOJzr-/,12,0
307,The PONT,https://www.instagram.com/p/ChfB1HyJpZ_/,0,0
308,서울,https://www.instagram.com/p/ChfB2SMvVH0/,37,0
309,단양,https://www.instagram.com/p/ChfBl_OJvsR/,0,0
310,London Eye,https://www.instagram.com/p/ChfBvG7P0CV/,68,0
311,경기도 수원,https://www.instagram.com/p/ChfBqVxBWr7/,0,0
312,포항 스페이스워크,https://www.instagram.com/p/ChcJznUPj1E/,523,0
313,화랑의언덕,https://www.instagram.com/p/Chd4fgpvYz5/,637,0
314,어스피스,https://www.instagram.com/p/Chdeh80P79J/,453,0
315,와이드커피스탠드,https://www.instagram.com/p/ChPJwTGv8XY/,1009,0
316,그라운드시소 성수,https://www.instagram.com/p/CheqDyMP01q/,159,0
317,압구정역,https://www.instagram.com/p/ChfMOrBPEQX/,0,0
318,대구미술관,https://www.instagram.com/p/ChfLvSSvhHo/,7,0
319,"갤러리아 광교, Galleria Gwanggyo",https://www.instagram.com/p/ChfLmHrBZv8/,20,0
320,월미도,https://www.instagram.com/p/ChfLPw0Ps3u/,16,0
321,포항시 오도리,https://www.instagram.com/p/ChfLL21PY75/,0,0
322,"Daegu, South Korea",https://www.instagram.com/p/ChfK5AbPh9-/,3,0
323,"Daegu, South Korea",https://www.instagram.com/p/ChfKmFBPtj-/,2,0
324,인천공항 Incheon Airport,https://www.instagram.com/p/ChfKfNujRYv/,8,0
325,하태핫태,https://www.instagram.com/p/ChfKERxhGi3/,0,0
326,경상북도 구미시 산동면,https://www.instagram.com/p/ChfJvGnv69m/,0,0
327,"Daegu, South Korea",https://www.instagram.com/p/ChfJxlnBOZ7/,0,0
328,신창해안도로,https://www.instagram.com/p/ChfJbJ_vn1l/,0,0
329,상화원,https://www.instagram.com/p/ChfJWIUvACi/,21,0
330,마니에르,https://www.instagram.com/p/ChfCeI7hvcy/,0,0
331,붓처스컷 도산,https://www.instagram.com/p/Che073NhA1t/,29,0
332,포항,https://www.instagram.com/p/CherVqqB8CD/,192,0
333,서울,https://www.instagram.com/p/ChCEVxTPa6z/,152,0
334,"Daegu, South Korea",https://www.instagram.com/p/ChfI3URPiXF/,3,0
335,서울시 구로구 개봉동,https://www.instagram.com/p/ChfIo5jv-1N/,12,0
336,포항시 오도리,https://www.instagram.com/p/ChfIZFzv60C/,6,0
337,범어동,https://www.instagram.com/p/ChfIL8kJXOn/,37,0
338,트렌드바이미,https://www.instagram.com/p/ChfIA8rP4Wu/,9,0
339,충청북도 충주,https://www.instagram.com/p/ChfH_3JhmpL/,20,0
340,Daecheon Beach,https://www.instagram.com/p/ChfIB9qhCNO/,0,0
341,Singapore River,https://www.instagram.com/p/ChfHwAJpWX5/,9,0
342,서울시 구로구 개봉동,https://www.instagram.com/p/ChfHYokPhvV/,5,0
343,부산,https://www.instagram.com/p/ChfHBCorCz0/,44,0
344,익선동,https://www.instagram.com/p/ChfGcSqvuRk/,17,0
345,청담비이커,https://www.instagram.com/p/CheYGkOp8u8/,163,0
346,Nudake,https://www.instagram.com/p/CRbv6U-gy__/,499,0
347,누데이크,https://www.instagram.com/p/CRbohHDAYIL/,419,0
348,누데이크,https://www.instagram.com/p/CRRcr6RnaDF/,407,0
349,Nudake,https://www.instagram.com/p/CRRUcPfnr__/,345,0
350,서울시 구로구 개봉동,https://www.instagram.com/p/ChfGrlgL2CW/,0,0
351,해운대해수욕장,https://www.instagram.com/p/ChfG4QUBRKP/,8,0
352,대구,https://www.instagram.com/p/ChfGvCFPNUd/,36,0
353,나이키 스니커즈 홍대,https://www.instagram.com/p/ChfGkttP6AJ/,23,0
354,서울시 구로구 개봉동,https://www.instagram.com/p/ChfGd-3Pxw3/,6,0
355,순두부젤라또 안목점,https://www.instagram.com/p/ChfGXenvyxX/,0,0
356,"송정해수욕장 Songjeong Beach, Busan, Korea",https://www.instagram.com/p/ChfGIi9hP2A/,7,0
357,송리단길 SongniDan-gil,https://www.instagram.com/p/ChfFtChv9bV/,11,0
358,퍼스트가든,https://www.instagram.com/p/ChfFpIurS0W/,5,0
359,서울시 구로구 개봉동,https://www.instagram.com/p/ChfEnFsjms4/,0,0
360,성수동카페거리,https://www.instagram.com/p/ChfCj70pZHF/,0,0
361,이정의댁,https://www.instagram.com/p/ChevjEhFWif/,0,0
362,Conrad Seoul / 콘래드 서울,https://www.instagram.com/p/CfWVktEvLIx/,282,0
363,서울시 구로구 개봉동,https://www.instagram.com/p/ChfFrvVvQfB/,4,0
364,Shinsegae Centum City,https://www.instagram.com/p/ChfFdTRh19r/,0,0
365,"Daegu, South Korea",https://www.instagram.com/p/ChfFLuJpBwP/,8,0
366,파라다이스호텔 부산,https://www.instagram.com/p/ChfE5qKvrj1/,7,0
367,서울,https://www.instagram.com/p/ChfEjzEBZXP/,71,0
368,부산,https://www.instagram.com/p/ChfEtuQpux9/,76,0
369,"Daegu, South Korea",https://www.instagram.com/p/ChfEG8slcUb/,12,0
370,해운대 해수욕장,https://www.instagram.com/p/ChfDLJJvgZS/,11,0
371,Sunset Cliff - 썬셋 클리프,https://www.instagram.com/p/Che_X33hyAK/,169,0
372,경상남도 양산,https://www.instagram.com/p/ChedrxehENN/,0,0
373,건대입구역,https://www.instagram.com/p/ChcDk_Irir4/,56,0
374,마창대교가보이는 귀산동바닷가,https://www.instagram.com/p/ChfDTu5vYbU/,27,0
375,할아버지공장,https://www.instagram.com/p/ChfDFmoJTSe/,21,0
376,온천집,https://www.instagram.com/p/ChfDD7fBlXV/,9,0
377,경기도 안산,https://www.instagram.com/p/ChfC9ylrVy4/,59,0
378,누데이크 성수,https://www.instagram.com/p/ChfCsG1B-Wa/,64,0
379,파주,https://www.instagram.com/p/ChfCqF8BIUb/,677,0
380,경기도 여주,https://www.instagram.com/p/ChfCnO_P8bQ/,0,0
381,경기도 김포시 운양동,https://www.instagram.com/p/ChfCgTgBKJZ/,20,0
382,서울숲,https://www.instagram.com/p/ChfCXX3Bfvo/,23,0
383,마창대교가보이는 귀산동바닷가,https://www.instagram.com/p/ChfCQafv8Gj/,27,0
384,바닐라브릭,https://www.instagram.com/p/ChemjFSvkcw/,31,0
385,서울,https://www.instagram.com/p/ChcWljHv8-0/,19,0
386,"Gwangju, South Korea",https://www.instagram.com/p/ChcRyfmhc3f/,127,0
387,"Daegu, South Korea",https://www.instagram.com/p/ChfBGsWBpKd/,0,0
388,충청북도 청주,https://www.instagram.com/p/ChfA-0JP6aA/,0,0
389,파주롯데프리미엄,https://www.instagram.com/p/ChfA4JovTO1/,7,0
390,말똥도넛,https://www.instagram.com/p/ChfA-FNvKVJ/,8,0
391,청주시,https://www.instagram.com/p/ChfAkI3vbQF/,89,0
392,바다앞꼬막집,https://www.instagram.com/p/ChfAZcjP4y1/,14,0
393,상수김치삼겹살,https://www.instagram.com/p/ChfAbIfhAk-/,46,0
394,슬지제빵소 - 슬지네찐빵,https://www.instagram.com/p/ChfARuUvXeI/,0,0
395,경상북도 경주 황성동,https://www.instagram.com/p/ChfAFBnBdxv/,6,0
396,방화수류정,https://www.instagram.com/p/Che_oZdPc7L/,0,0
397,카페 도고창고,https://www.instagram.com/p/Che_nBnBdJt/,47,0
398,명덕역,https://www.instagram.com/p/Che_hrdpUiV/,3,0
399,Doshareyoga,https://www.instagram.com/p/Che_dUNvnTj/,19,0
400,조바티,https://www.instagram.com/p/Che0fvYJ7gF/,39,0
401,코튼드수플레,https://www.instagram.com/p/ChesoE7vaIT/,0,0
402,강릉 안목해변 커피거리,https://www.instagram.com/p/ChelqpKODdd/,207,0
403,ANB Tokyo / Tokyo Art Acceleration,https://www.instagram.com/p/Che-5CQPRID/,3,0
404,ANB Tokyo / Tokyo Art Acceleration,https://www.instagram.com/p/Che-7juP2SN/,2,0
405,어퍼룸-upperroom coffee,https://www.instagram.com/p/Che-_vxvYo1/,14,0
406,서울,https://www.instagram.com/p/Che-_SEhGRH/,8,0
407,"가로수길 Garosu-gil, Gangnam Seoul Korea",https://www.instagram.com/p/Che-c2BLr8K/,52,0
408,카페 그린웨일,https://www.instagram.com/p/Che-G90JoJ_/,26,0
409,7drivein,https://www.instagram.com/p/Che96W-Bwpn/,0,0
410,마석,https://www.instagram.com/p/Che9xe_vFM6/,27,0
411,"Gwangju, South Korea",https://www.instagram.com/p/Che9NfahkUP/,27,0
412,이태원,https://www.instagram.com/p/Che9Kx2BBvi/,21,0
413,Mulino espresso bar 뮬리노 한남,https://www.instagram.com/p/CdvcaX4lS7g/,4291,0
414,서울,https://www.instagram.com/p/ChRtUudLLZp/,968,0
415,Antique Coffee 연남,https://www.instagram.com/p/CeGHaerlhyc/,721,0
416,영등포역,https://www.instagram.com/p/ChW3A8jL6CK/,467,0
417,런던베이글뮤지엄 안국점,https://www.instagram.com/p/ChfKcnAJZFy/,0,0
418,"송정해수욕장 Songjeong Beach, Busan, Korea",https://www.instagram.com/p/ChfGIi9hP2A/,7,0
419,7drivein,https://www.instagram.com/p/ChfEmY8BCvc/,0,0
420,포항 영일대해수욕장,https://www.instagram.com/p/ChfAk7XPPFC/,6,0
421,삽교호놀이동산,https://www.instagram.com/p/Che7t2jhJVi/,55,0
422,수성못 (Suseong Lake),https://www.instagram.com/p/Che5I1gBpkU/,68,0
423,세종특별자치시,https://www.instagram.com/p/Che4gQMPSlF/,17,0
424,Ppl,https://www.instagram.com/p/Che2_UMheQ9/,12,0
425,"송정해수욕장 Songjeong Beach, Busan, Korea",https://www.instagram.com/p/Che0pJshMiT/,26,0
426,대구,https://www.instagram.com/p/ChezKtBhFVW/,130,0
427,서울,https://www.instagram.com/p/ChevnDDPcaI/,0,0
428,해리단길,https://www.instagram.com/p/CherTtBvcmB/,41,0
429,그라운드시소 성수,https://www.instagram.com/p/CheqDyMP01q/,159,0
430,해리단길,https://www.instagram.com/p/CheipXlPnub/,39,0
431,해리단길,https://www.instagram.com/p/ChedL-0vYnY/,60,0
432,체크플리즈-Check Please,https://www.instagram.com/p/CheolyPp7xv/,210,0
433,압구정로데오역,https://www.instagram.com/p/ChenlJ8pldD/,11,0
434,슬로우모션 커피바,https://www.instagram.com/p/CheZUhMrkqB/,19,0
435,봉천역,https://www.instagram.com/p/CheXeYTLXVa/,12,0
436,성수동,https://www.instagram.com/p/CheWoeblUPB/,9,0
437,Samsamsam 용산,https://www.instagram.com/p/CheWXg9u0NA/,14,0
438,청라멘,https://www.instagram.com/p/CheWTX-L0DL/,13,0
439,경주 황리단길,https://www.instagram.com/p/CheURMLBB0E/,16,0
440,서울,https://www.instagram.com/p/CheTkX5O2dW/,30,0
441,강릉 안목해변,https://www.instagram.com/p/CheTU7wBdwQ/,81,0
442,"Daegu, South Korea",https://www.instagram.com/p/CheNthLLCF9/,25,0
443,경주 황리단길,https://www.instagram.com/p/CheIM4yBkWU/,18,0
444,코펜하겐 떡볶이,https://www.instagram.com/p/CheH_odJALP/,10,0
445,서른책방,https://www.instagram.com/p/CheG3LjrUH1/,51,0
446,Baco 바코,https://www.instagram.com/p/CheCswPBwjr/,7,0
447,올드페리도넛 나이스웨더 마켓점,https://www.instagram.com/p/Chd6rKrrepZ/,35,0
448,cafedrowsy,https://www.instagram.com/p/Chd14wQJ42H/,0,0
449,신두리해안사구,https://www.instagram.com/p/Chdz47cPSCv/,2137,0
450,가창 강원도집,https://www.instagram.com/p/ChdyajBB6nf/,24,0
451,경남 마산,https://www.instagram.com/p/Chdpp6hhT3w/,0,0
452,킨텍스 바로 옆 킨텍스 바이 케이트리 호텔,https://www.instagram.com/p/ChdmzifJfdp/,532,0
453,경상북도 청도,https://www.instagram.com/p/ChcbVXvJ1DQ/,0,0
454,"로윅 , LOWIC",https://www.instagram.com/p/ChcYv1jhVL2/,17,0
455,지곡동,https://www.instagram.com/p/ChcTXnVLNq5/,24,0
456,롯데월드몰,https://www.instagram.com/p/ChcQYkMhFW9/,268,0
457,LOTTE HOTEL ULSAN 롯데호텔울산,https://www.instagram.com/p/ChcJQjfvqda/,30,0
458,쇼니노 shawnino,https://www.instagram.com/p/ChcGseOJKpQ/,0,0
459,더모드,https://www.instagram.com/p/Chb_ZHuv-nk/,72,0
460,웅도,https://www.instagram.com/p/Chb7uUNB8BM/,0,0
461,타타스베이글,https://www.instagram.com/p/Chb5SH6Pii0/,87,0
462,"Daegu, South Korea",https://www.instagram.com/p/Chb5ViGv4Bk/,51,0
463,타타스베이글,https://www.instagram.com/p/Chb4jRuP99g/,114,0
464,경주 황리단길,https://www.instagram.com/p/Chby0vDLTkT/,39,0
465,강화 동검도,https://www.instagram.com/p/ChbylGZJhDO/,0,0
466,Travel Break Coffee,https://www.instagram.com/p/Chbxp2Sh4M7/,154,0
467,인천 SSG 랜더스필드,https://www.instagram.com/p/ChbuNMkL2-B/,20,0
468,더모드,https://www.instagram.com/p/ChbuSitO9Q6/,65,0
469,진주시,https://www.instagram.com/p/ChbtadTL9eE/,2,0
470,온더선셋,https://www.instagram.com/p/Chbsxk5vW-t/,50,0
471,청와대,https://www.instagram.com/p/Chbqdg7vsKJ/,36,0
472,더모드,https://www.instagram.com/p/ChbqIwTPpNK/,50,0
473,청와대,https://www.instagram.com/p/ChboqZCP9Lj/,32,0
474,청와대,https://www.instagram.com/p/ChbogBFPIzK/,44,0
475,시그니엘부산,https://www.instagram.com/p/ChboBkrByE9/,0,0
476,더모드,https://www.instagram.com/p/ChbmU64P7HM/,41,0
477,더모드,https://www.instagram.com/p/Chbio05vg76/,72,0
478,라벨라치타,https://www.instagram.com/p/ChblzdHvM-u/,97,0
479,경주 황리단길,https://www.instagram.com/p/ChblQEULFqr/,28,0
480,매미성,https://www.instagram.com/p/ChbkRiBps1h/,39,0
481,서울숲 갤러리아포레,https://www.instagram.com/p/ChbkWTFrcPr/,28,0
482,선인장 커피바,https://www.instagram.com/p/ChbhAWsvIvr/,0,0
483,꼼나나비앙 한남점,https://www.instagram.com/p/ChbgCzwrdCc/,15,0
484,대왕저수지,https://www.instagram.com/p/ChbcKrfh5XC/,13,0
485,경주 황리단길,https://www.instagram.com/p/Chba0egrPrW/,36,0
486,서울,https://www.instagram.com/p/ChbZ6YpOB1R/,0,0
487,코펜하겐 떡볶이,https://www.instagram.com/p/ChbU9d5JQAn/,10,0
488,The Hyundai Seoul,https://www.instagram.com/p/ChbTImghttB/,42,0
489,"Daegu, South Korea",https://www.instagram.com/p/ChbP8NbJ5LG/,0,0
